date,race_id
20231001,202309040910
20231001,202306040903
20231001,202306040912
20231001,202309040911
20231001,202306040909
20231001,202306040906
20231001,202309040901
20231001,202306040910
20231001,202309040906
20231001,202306040901
20231001,202306040904
20231001,202306040902
20231001,202309040912
20231001,202309040908
20231001,202309040905
20231001,202306040907
20231001,202309040902
20231001,202309040909
20231001,202309040907
20231001,202309040904
20231001,202306040908
20231001,202309040903
20231001,202306040911
20231001,202306040905
20231007,202305040109
20231007,202308020107
20231007,202305040103
20231007,202308020106
20231007,202308020109
20231007,202308020110
20231007,202308020111
20231007,202308020112
20231007,202305040105
20231007,202305040106
20231007,202305040107
20231007,202305040108
20231007,202308020105
20231007,202308020108
20231007,202305040104
20231007,202305040102
20231007,202305040101
20231007,202308020104
20231007,202308020103
20231007,202308020102
20231007,202308020101
20231007,202305040112
20231007,202305040111
20231007,202305040110
20231008,202305040212
20231008,202305040211
20231008,202305040210
20231008,202305040209
20231008,202305040204
20231008,202305040203
20231008,202305040202
20231008,202305040201
20231008,202308020203
20231008,202305040208
20231008,202308020212
20231008,202308020202
20231008,202308020207
20231008,202305040207
20231008,202305040206
20231008,202305040205
20231008,202308020209
20231008,202308020210
20231008,202308020201
20231008,202308020211
20231008,202308020206
20231008,202308020208
20231008,202308020205
20231008,202308020204
20231009,202305040311
20231009,202308020305
20231009,202308020309
20231009,202305040310
20231009,202305040304
20231009,202305040302
20231009,202305040303
20231009,202305040309
20231009,202305040312
20231009,202305040301
20231009,202308020310
20231009,202308020311
20231009,202308020312
20231009,202308020306
20231009,202308020307
20231009,202308020308
20231009,202308020301
20231009,202308020302
20231009,202308020303
20231009,202308020304
20231009,202305040308
20231009,202305040307
20231009,202305040306
20231009,202305040305
20231014,202308020412
20231014,202308020411
20231014,202308020410
20231014,202308020409
20231014,202304040105
20231014,202304040106
20231014,202304040107
20231014,202304040108
20231014,202308020404
20231014,202308020403
20231014,202308020402
20231014,202308020401
20231014,202304040112
20231014,202304040111
20231014,202304040110
20231014,202304040109
20231014,202305040405
20231014,202305040406
20231014,202305040407
20231014,202305040408
20231014,202305040412
20231014,202305040411
20231014,202305040410
20231014,202305040409
20231014,202305040401
20231014,202305040402
20231014,202305040403
20231014,202305040404
20231014,202308020407
20231014,202304040103
20231014,202308020406
20231014,202304040104
20231014,202308020408
20231014,202304040101
20231014,202308020405
20231014,202304040102
20231015,202308020509
20231015,202308020510
20231015,202308020511
20231015,202308020512
20231015,202308020505
20231015,202308020506
20231015,202308020507
20231015,202308020508
20231015,202304040210
20231015,202304040209
20231015,202305040508
20231015,202304040204
20231015,202304040206
20231015,202308020501
20231015,202305040512
20231015,202304040205
20231015,202304040211
20231015,202305040511
20231015,202304040202
20231015,202304040208
20231015,202305040503
20231015,202304040203
20231015,202304040212
20231015,202305040507
20231015,202305040505
20231015,202305040509
20231015,202304040207
20231015,202308020504
20231015,202305040510
20231015,202305040506
20231015,202304040201
20231015,202305040504
20231015,202305040502
20231015,202308020503
20231015,202308020502
20231015,202305040501
20231021,202304040301
20231021,202304040302
20231021,202304040303
20231021,202304040304
20231021,202308020605
20231021,202308020606
20231021,202308020607
20231021,202308020608
20231021,202308020604
20231021,202308020603
20231021,202308020602
20231021,202308020601
20231021,202308020609
20231021,202308020610
20231021,202308020611
20231021,202308020612
20231021,202304040308
20231021,202305040603
20231021,202305040610
20231021,202304040310
20231021,202304040311
20231021,202305040612
20231021,202304040312
20231021,202305040606
20231021,202304040306
20231021,202305040611
20231021,202305040608
20231021,202305040609
20231021,202305040604
20231021,202305040605
20231021,202304040309
20231021,202305040602
20231021,202305040601
20231021,202304040307
20231021,202304040305
20231021,202305040607
20231022,202308020705
20231022,202308020711
20231022,202308020706
20231022,202308020702
20231022,202305040712
20231022,202305040711
20231022,202305040710
20231022,202305040709
20231022,202305040703
20231022,202308020704
20231022,202305040707
20231022,202304040408
20231022,202304040403
20231022,202304040402
20231022,202305040702
20231022,202304040412
20231022,202308020709
20231022,202305040705
20231022,202308020712
20231022,202308020707
20231022,202305040701
20231022,202305040704
20231022,202308020708
20231022,202308020710
20231022,202304040401
20231022,202308020701
20231022,202304040405
20231022,202304040407
20231022,202305040706
20231022,202305040708
20231022,202304040406
20231022,202308020703
20231022,202304040409
20231022,202304040410
20231022,202304040411
20231022,202304040404
20231028,202304040504
20231028,202304040512
20231028,202305040805
20231028,202308020807
20231028,202305040808
20231028,202305040807
20231028,202305040806
20231028,202305040804
20231028,202305040803
20231028,202305040802
20231028,202305040801
20231028,202304040506
20231028,202308020809
20231028,202308020802
20231028,202308020805
20231028,202308020806
20231028,202308020808
20231028,202308020810
20231028,202308020811
20231028,202308020812
20231028,202304040509
20231028,202305040812
20231028,202305040811
20231028,202305040810
20231028,202305040809
20231028,202308020801
20231028,202308020803
20231028,202308020804
20231028,202304040505
20231028,202304040511
20231028,202304040507
20231028,202304040502
20231028,202304040510
20231028,202304040503
20231028,202304040508
20231028,202304040501
20231029,202308020911
20231029,202304040601
20231029,202305040905
20231029,202304040605
20231029,202308020902
20231029,202308020910
20231029,202305040909
20231029,202305040903
20231029,202305040912
20231029,202305040911
20231029,202305040910
20231029,202305040908
20231029,202305040907
20231029,202305040906
20231029,202305040904
20231029,202305040902
20231029,202305040901
20231029,202304040612
20231029,202304040611
20231029,202304040610
20231029,202304040609
20231029,202304040608
20231029,202304040607
20231029,202304040606
20231029,202304040604
20231029,202304040603
20231029,202304040602
20231029,202308020901
20231029,202308020903
20231029,202308020904
20231029,202308020905
20231029,202308020912
20231029,202308020908
20231029,202308020907
20231029,202308020906
20231029,202308020909
20231104,202305050105
20231104,202305050106
20231104,202305050107
20231104,202305050108
20231104,202308030105
20231104,202308030106
20231104,202308030107
20231104,202308030108
20231104,202308030109
20231104,202308030110
20231104,202308030111
20231104,202308030112
20231104,202303030109
20231104,202303030110
20231104,202303030111
20231104,202303030112
20231104,202305050101
20231104,202305050102
20231104,202305050103
20231104,202305050104
20231104,202308030104
20231104,202308030103
20231104,202308030102
20231104,202308030101
20231104,202303030101
20231104,202303030107
20231104,202303030106
20231104,202303030108
20231104,202303030102
20231104,202303030104
20231104,202303030103
20231104,202303030105
20231104,202305050109
20231104,202305050110
20231104,202305050111
20231104,202305050112
20231105,202308030208
20231105,202308030207
20231105,202308030206
20231105,202308030205
20231105,202303030201
20231105,202303030202
20231105,202303030203
20231105,202303030204
20231105,202305050204
20231105,202305050203
20231105,202305050202
20231105,202305050201
20231105,202303030209
20231105,202303030210
20231105,202303030211
20231105,202303030212
20231105,202303030205
20231105,202303030206
20231105,202303030207
20231105,202303030208
20231105,202305050209
20231105,202305050210
20231105,202305050211
20231105,202305050212
20231105,202308030209
20231105,202308030210
20231105,202308030211
20231105,202308030212
20231105,202308030204
20231105,202308030203
20231105,202308030202
20231105,202308030201
20231105,202305050205
20231105,202305050206
20231105,202305050207
20231105,202305050208
20231111,202303030309
20231111,202303030310
20231111,202303030311
20231111,202303030312
20231111,202308030308
20231111,202308030307
20231111,202308030306
20231111,202308030305
20231111,202308030304
20231111,202308030303
20231111,202308030302
20231111,202308030301
20231111,202303030305
20231111,202303030306
20231111,202303030307
20231111,202303030308
20231111,202308030312
20231111,202308030311
20231111,202308030310
20231111,202308030309
20231111,202305050309
20231111,202305050310
20231111,202305050311
20231111,202305050312
20231111,202305050301
20231111,202305050302
20231111,202305050303
20231111,202305050304
20231111,202305050305
20231111,202305050306
20231111,202305050307
20231111,202305050308
20231111,202303030301
20231111,202303030302
20231111,202303030303
20231111,202303030304
20231112,202305050401
20231112,202305050402
20231112,202305050403
20231112,202305050404
20231112,202305050412
20231112,202305050411
20231112,202305050410
20231112,202305050409
20231112,202305050408
20231112,202305050407
20231112,202305050406
20231112,202305050405
20231112,202308030408
20231112,202308030407
20231112,202308030406
20231112,202308030405
20231112,202303030405
20231112,202303030406
20231112,202303030407
20231112,202303030408
20231112,202308030412
20231112,202308030411
20231112,202308030410
20231112,202308030409
20231112,202308030404
20231112,202308030403
20231112,202308030402
20231112,202308030401
20231112,202303030401
20231112,202303030402
20231112,202303030403
20231112,202303030404
20231112,202303030409
20231112,202303030410
20231112,202303030411
20231112,202303030412
20231118,202308030501
20231118,202308030502
20231118,202308030503
20231118,202308030504
20231118,202305050505
20231118,202305050506
20231118,202305050507
20231118,202305050508
20231118,202308030509
20231118,202308030510
20231118,202308030511
20231118,202308030512
20231118,202305050501
20231118,202305050502
20231118,202305050503
20231118,202305050504
20231118,202303030508
20231118,202303030507
20231118,202303030506
20231118,202303030505
20231118,202308030505
20231118,202308030506
20231118,202308030507
20231118,202308030508
20231118,202305050509
20231118,202305050510
20231118,202305050511
20231118,202305050512
20231118,202303030509
20231118,202303030510
20231118,202303030511
20231118,202303030512
20231118,202303030504
20231118,202303030503
20231118,202303030502
20231118,202303030501
20231119,202305050604
20231119,202305050603
20231119,202305050602
20231119,202305050601
20231119,202308030604
20231119,202308030603
20231119,202308030602
20231119,202308030601
20231119,202308030612
20231119,202308030611
20231119,202308030610
20231119,202308030609
20231119,202303030605
20231119,202303030606
20231119,202303030607
20231119,202303030608
20231119,202303030604
20231119,202303030603
20231119,202303030602
20231119,202303030601
20231119,202303030609
20231119,202303030610
20231119,202303030611
20231119,202303030612
20231119,202305050605
20231119,202305050606
20231119,202305050607
20231119,202305050608
20231119,202305050612
20231119,202305050611
20231119,202305050610
20231119,202305050609
20231119,202308030608
20231119,202308030607
20231119,202308030606
20231119,202308030605
20231125,202308030701
20231125,202308030702
20231125,202308030703
20231125,202308030704
20231125,202308030705
20231125,202308030706
20231125,202308030707
20231125,202308030708
20231125,202305050704
20231125,202305050703
20231125,202305050702
20231125,202305050701
20231125,202305050709
20231125,202305050710
20231125,202305050711
20231125,202305050712
20231125,202305050708
20231125,202305050707
20231125,202305050706
20231125,202305050705
20231125,202308030712
20231125,202308030711
20231125,202308030710
20231125,202308030709
20231126,202305050804
20231126,202305050803
20231126,202305050802
20231126,202305050801
20231126,202305050808
20231126,202305050807
20231126,202305050806
20231126,202305050805
20231126,202308030804
20231126,202308030803
20231126,202308030802
20231126,202308030801
20231126,202305050809
20231126,202305050810
20231126,202305050811
20231126,202305050812
20231126,202308030812
20231126,202308030811
20231126,202308030810
20231126,202308030809
20231126,202308030808
20231126,202308030807
20231126,202308030806
20231126,202308030805
20231202,202306050108
20231202,202306050107
20231202,202306050106
20231202,202306050105
20231202,202309050109
20231202,202309050110
20231202,202309050111
20231202,202309050112
20231202,202306050112
20231202,202306050111
20231202,202306050110
20231202,202306050109
20231202,202307040101
20231202,202307040102
20231202,202307040103
20231202,202307040104
20231202,202307040112
20231202,202307040111
20231202,202307040110
20231202,202307040109
20231202,202307040105
20231202,202307040106
20231202,202307040107
20231202,202307040108
20231202,202306050104
20231202,202306050103
20231202,202306050102
20231202,202306050101
20231202,202309050105
20231202,202309050106
20231202,202309050107
20231202,202309050108
20231202,202309050101
20231202,202309050102
20231202,202309050103
20231202,202309050104
20231203,202306050201
20231203,202306050202
20231203,202306050203
20231203,202306050204
20231203,202306050208
20231203,202306050207
20231203,202306050206
20231203,202306050205
20231203,202306050209
20231203,202306050210
20231203,202306050211
20231203,202306050212
20231203,202307040201
20231203,202307040202
20231203,202307040203
20231203,202307040204
20231203,202307040209
20231203,202307040210
20231203,202307040211
20231203,202307040212
20231203,202307040205
20231203,202307040206
20231203,202307040207
20231203,202307040208
20231203,202309050201
20231203,202309050202
20231203,202309050203
20231203,202309050204
20231203,202309050205
20231203,202309050206
20231203,202309050207
20231203,202309050208
20231203,202309050209
20231203,202309050210
20231203,202309050211
20231203,202309050212
20231209,202309050309
20231209,202309050310
20231209,202309050311
20231209,202309050312
20231209,202306050304
20231209,202306050303
20231209,202306050302
20231209,202306050301
20231209,202307040304
20231209,202307040303
20231209,202307040302
20231209,202307040301
20231209,202306050309
20231209,202306050310
20231209,202306050311
20231209,202306050312
20231209,202307040308
20231209,202307040307
20231209,202307040306
20231209,202307040305
20231209,202306050305
20231209,202306050306
20231209,202306050307
20231209,202306050308
20231209,202309050304
20231209,202309050303
20231209,202309050302
20231209,202309050301
20231209,202309050308
20231209,202309050307
20231209,202309050306
20231209,202309050305
20231209,202307040312
20231209,202307040311
20231209,202307040310
20231209,202307040309
20231210,202306050401
20231210,202306050402
20231210,202306050403
20231210,202306050404
20231210,202309050401
20231210,202309050402
20231210,202309050403
20231210,202309050404
20231210,202307040401
20231210,202307040402
20231210,202307040403
20231210,202307040404
20231210,202307040405
20231210,202307040406
20231210,202307040407
20231210,202307040408
20231210,202307040409
20231210,202307040410
20231210,202307040411
20231210,202307040412
20231210,202309050409
20231210,202309050410
20231210,202309050411
20231210,202309050412
20231210,202309050408
20231210,202309050407
20231210,202309050406
20231210,202309050405
20231210,202306050412
20231210,202306050411
20231210,202306050410
20231210,202306050409
20231210,202306050408
20231210,202306050407
20231210,202306050406
20231210,202306050405
20231216,202307040509
20231216,202307040510
20231216,202307040511
20231216,202307040512
20231216,202309050509
20231216,202309050510
20231216,202309050511
20231216,202309050512
20231216,202309050504
20231216,202309050503
20231216,202309050502
20231216,202309050501
20231216,202309050505
20231216,202309050506
20231216,202309050507
20231216,202309050508
20231216,202307040501
20231216,202307040502
20231216,202307040503
20231216,202307040504
20231216,202307040505
20231216,202307040506
20231216,202307040507
20231216,202307040508
20231216,202306050505
20231216,202306050506
20231216,202306050507
20231216,202306050508
20231216,202306050504
20231216,202306050503
20231216,202306050502
20231216,202306050501
20231216,202306050509
20231216,202306050510
20231216,202306050511
20231216,202306050512
20231217,202309050609
20231217,202309050610
20231217,202309050611
20231217,202309050612
20231217,202309050605
20231217,202309050606
20231217,202309050607
20231217,202309050608
20231217,202306050612
20231217,202306050611
20231217,202306050610
20231217,202306050609
20231217,202307040601
20231217,202307040602
20231217,202307040603
20231217,202307040604
20231217,202309050604
20231217,202309050603
20231217,202309050602
20231217,202309050601
20231217,202307040612
20231217,202307040611
20231217,202307040610
20231217,202307040609
20231217,202307040605
20231217,202307040606
20231217,202307040607
20231217,202307040608
20231217,202306050601
20231217,202306050602
20231217,202306050603
20231217,202306050604
20231217,202306050608
20231217,202306050607
20231217,202306050606
20231217,202306050605
20231223,202306050709
20231223,202306050710
20231223,202306050711
20231223,202306050712
20231223,202306050701
20231223,202306050702
20231223,202306050703
20231223,202306050704
20231223,202306050705
20231223,202306050706
20231223,202306050707
20231223,202306050708
20231223,202309050704
20231223,202309050703
20231223,202309050702
20231223,202309050701
20231223,202309050709
20231223,202309050710
20231223,202309050711
20231223,202309050712
20231223,202309050708
20231223,202309050707
20231223,202309050706
20231223,202309050705
20231224,202306050801
20231224,202306050802
20231224,202306050803
20231224,202306050804
20231224,202309050804
20231224,202309050803
20231224,202309050802
20231224,202309050801
20231224,202306050809
20231224,202306050810
20231224,202306050811
20231224,202306050812
20231224,202309050809
20231224,202309050810
20231224,202309050811
20231224,202309050812
20231224,202309050808
20231224,202309050807
20231224,202309050806
20231224,202309050805
20231224,202306050805
20231224,202306050806
20231224,202306050807
20231224,202306050808
20231228,202306050904
20231228,202306050903
20231228,202306050902
20231228,202306050901
20231228,202306050908
20231228,202306050907
20231228,202306050906
20231228,202306050905
20231228,202306050909
20231228,202306050910
20231228,202306050911
20231228,202306050912
20231228,202309050904
20231228,202309050903
20231228,202309050902
20231228,202309050901
20231228,202309050908
20231228,202309050907
20231228,202309050906
20231228,202309050905
20231228,202309050909
20231228,202309050910
20231228,202309050911
20231228,202309050912
20240106,202408010105
20240106,202408010106
20240106,202408010107
20240106,202408010108
20240106,202406010105
20240106,202406010106
20240106,202406010107
20240106,202406010108
20240106,202408010101
20240106,202408010102
20240106,202408010103
20240106,202408010104
20240106,202408010109
20240106,202408010110
20240106,202408010111
20240106,202408010112
20240106,202406010104
20240106,202406010103
20240106,202406010102
20240106,202406010101
20240106,202406010109
20240106,202406010110
20240106,202406010111
20240106,202406010112
20240107,202406010201
20240107,202406010202
20240107,202406010203
20240107,202406010204
20240107,202406010205
20240107,202406010206
20240107,202406010207
20240107,202406010208
20240107,202408010201
20240107,202408010202
20240107,202408010203
20240107,202408010204
20240107,202408010208
20240107,202408010207
20240107,202408010206
20240107,202408010205
20240107,202408010209
20240107,202408010210
20240107,202408010211
20240107,202408010212
20240107,202406010209
20240107,202406010210
20240107,202406010211
20240107,202406010212
20240108,202408010301
20240108,202408010302
20240108,202408010303
20240108,202408010304
20240108,202408010312
20240108,202408010311
20240108,202408010310
20240108,202408010309
20240108,202408010305
20240108,202408010306
20240108,202408010307
20240108,202408010308
20240108,202406010305
20240108,202406010306
20240108,202406010307
20240108,202406010308
20240108,202406010312
20240108,202406010311
20240108,202406010310
20240108,202406010309
20240108,202406010301
20240108,202406010302
20240108,202406010303
20240108,202406010304
20240113,202410010112
20240113,202410010111
20240113,202410010110
20240113,202410010109
20240113,202408010401
20240113,202408010402
20240113,202408010403
20240113,202408010404
20240113,202410010101
20240113,202410010102
20240113,202410010103
20240113,202410010104
20240113,202406010412
20240113,202406010411
20240113,202406010410
20240113,202406010409
20240113,202406010408
20240113,202406010407
20240113,202406010406
20240113,202406010405
20240113,202406010404
20240113,202406010403
20240113,202406010402
20240113,202406010401
20240113,202408010409
20240113,202408010410
20240113,202408010411
20240113,202408010412
20240113,202410010105
20240113,202410010106
20240113,202410010107
20240113,202410010108
20240113,202408010405
20240113,202408010406
20240113,202408010407
20240113,202408010408
20240114,202408010504
20240114,202408010503
20240114,202408010502
20240114,202408010501
20240114,202406010509
20240114,202406010510
20240114,202406010511
20240114,202406010512
20240114,202410010205
20240114,202410010206
20240114,202410010207
20240114,202410010208
20240114,202410010212
20240114,202410010211
20240114,202410010210
20240114,202410010209
20240114,202406010504
20240114,202406010503
20240114,202406010502
20240114,202406010501
20240114,202410010201
20240114,202410010202
20240114,202410010203
20240114,202410010204
20240114,202408010508
20240114,202408010507
20240114,202408010506
20240114,202408010505
20240114,202406010508
20240114,202406010507
20240114,202406010506
20240114,202406010505
20240114,202408010509
20240114,202408010510
20240114,202408010511
20240114,202408010512
20240120,202406010608
20240120,202406010607
20240120,202406010606
20240120,202406010605
20240120,202406010604
20240120,202406010603
20240120,202406010602
20240120,202406010601
20240120,202408010609
20240120,202408010610
20240120,202408010611
20240120,202408010612
20240120,202408010608
20240120,202408010607
20240120,202408010606
20240120,202408010605
20240120,202410010304
20240120,202410010303
20240120,202410010302
20240120,202410010301
20240120,202406010612
20240120,202406010611
20240120,202406010610
20240120,202406010609
20240120,202410010308
20240120,202410010307
20240120,202410010306
20240120,202410010305
20240120,202408010601
20240120,202408010602
20240120,202408010603
20240120,202408010604
20240120,202410010309
20240120,202410010310
20240120,202410010311
20240120,202410010312
20240121,202406010708
20240121,202406010707
20240121,202406010706
20240121,202406010705
20240121,202406010704
20240121,202406010703
20240121,202406010702
20240121,202406010701
20240121,202408010712
20240121,202408010711
20240121,202408010710
20240121,202408010709
20240121,202408010705
20240121,202408010706
20240121,202408010707
20240121,202408010708
20240121,202406010709
20240121,202406010710
20240121,202406010711
20240121,202406010712
20240121,202410010401
20240121,202410010402
20240121,202410010403
20240121,202410010404
20240121,202410010412
20240121,202410010411
20240121,202410010410
20240121,202410010409
20240121,202408010701
20240121,202408010702
20240121,202408010703
20240121,202408010704
20240121,202410010408
20240121,202410010407
20240121,202410010406
20240121,202410010405
20240127,202410010509
20240127,202410010510
20240127,202410010511
20240127,202410010512
20240127,202408020112
20240127,202408020111
20240127,202408020110
20240127,202408020109
20240127,202408020108
20240127,202408020107
20240127,202408020106
20240127,202408020105
20240127,202410010505
20240127,202410010506
20240127,202410010507
20240127,202410010508
20240127,202408020104
20240127,202408020103
20240127,202408020102
20240127,202408020101
20240127,202410010501
20240127,202410010502
20240127,202410010503
20240127,202410010504
20240127,202405010109
20240127,202405010110
20240127,202405010111
20240127,202405010112
20240127,202405010101
20240127,202405010102
20240127,202405010103
20240127,202405010104
20240127,202405010105
20240127,202405010106
20240127,202405010107
20240127,202405010108
20240128,202408020204
20240128,202408020203
20240128,202408020202
20240128,202408020201
20240128,202410010608
20240128,202410010607
20240128,202410010606
20240128,202410010605
20240128,202410010604
20240128,202410010603
20240128,202410010602
20240128,202410010601
20240128,202405010209
20240128,202405010210
20240128,202405010211
20240128,202405010212
20240128,202410010609
20240128,202410010610
20240128,202410010611
20240128,202410010612
20240128,202405010208
20240128,202405010207
20240128,202405010206
20240128,202405010205
20240128,202408020208
20240128,202408020207
20240128,202408020206
20240128,202408020205
20240128,202405010204
20240128,202405010203
20240128,202405010202
20240128,202405010201
20240128,202408020212
20240128,202408020211
20240128,202408020210
20240128,202408020209
20240203,202410010701
20240203,202410010702
20240203,202410010703
20240203,202410010704
20240203,202410010705
20240203,202410010706
20240203,202410010707
20240203,202410010708
20240203,202405010305
20240203,202405010306
20240203,202405010307
20240203,202405010308
20240203,202405010312
20240203,202405010311
20240203,202405010310
20240203,202405010309
20240203,202405010301
20240203,202405010302
20240203,202405010303
20240203,202405010304
20240203,202410010709
20240203,202410010710
20240203,202410010711
20240203,202410010712
20240203,202408020309
20240203,202408020310
20240203,202408020311
20240203,202408020312
20240203,202408020301
20240203,202408020302
20240203,202408020303
20240203,202408020304
20240203,202408020305
20240203,202408020306
20240203,202408020307
20240203,202408020308
20240204,202405010408
20240204,202405010407
20240204,202405010406
20240204,202405010405
20240204,202405010404
20240204,202405010403
20240204,202405010402
20240204,202405010401
20240204,202410010805
20240204,202410010806
20240204,202410010807
20240204,202410010808
20240204,202410010801
20240204,202410010802
20240204,202410010803
20240204,202410010804
20240204,202405010409
20240204,202405010410
20240204,202405010411
20240204,202405010412
20240204,202410010812
20240204,202410010811
20240204,202410010810
20240204,202410010809
20240204,202408020409
20240204,202408020410
20240204,202408020411
20240204,202408020412
20240204,202408020408
20240204,202408020407
20240204,202408020406
20240204,202408020405
20240204,202408020404
20240204,202408020403
20240204,202408020402
20240204,202408020401
20240210,202410020105
20240210,202410020106
20240210,202410020107
20240210,202410020108
20240210,202410020109
20240210,202410020110
20240210,202410020111
20240210,202410020112
20240210,202408020504
20240210,202408020503
20240210,202408020502
20240210,202408020501
20240210,202408020508
20240210,202408020507
20240210,202408020506
20240210,202408020505
20240210,202408020509
20240210,202408020510
20240210,202408020511
20240210,202408020512
20240210,202405010509
20240210,202405010510
20240210,202405010511
20240210,202405010512
20240210,202405010508
20240210,202405010507
20240210,202405010506
20240210,202405010505
20240210,202405010504
20240210,202405010503
20240210,202405010502
20240210,202405010501
20240210,202410020101
20240210,202410020102
20240210,202410020103
20240210,202410020104
20240211,202410020208
20240211,202410020207
20240211,202410020206
20240211,202410020205
20240211,202405010605
20240211,202405010606
20240211,202405010607
20240211,202405010608
20240211,202405010601
20240211,202405010602
20240211,202405010603
20240211,202405010604
20240211,202408020609
20240211,202408020610
20240211,202408020611
20240211,202408020612
20240211,202410020201
20240211,202410020202
20240211,202410020203
20240211,202410020204
20240211,202408020601
20240211,202408020602
20240211,202408020603
20240211,202408020604
20240211,202408020605
20240211,202408020606
20240211,202408020607
20240211,202408020608
20240211,202405010609
20240211,202405010610
20240211,202405010611
20240211,202405010612
20240211,202410020212
20240211,202410020211
20240211,202410020210
20240211,202410020209
20240217,202405010701
20240217,202405010702
20240217,202405010703
20240217,202405010704
20240217,202408020701
20240217,202408020702
20240217,202408020703
20240217,202408020704
20240217,202410020308
20240217,202410020307
20240217,202410020306
20240217,202410020305
20240217,202405010705
20240217,202405010706
20240217,202405010707
20240217,202405010708
20240217,202410020312
20240217,202410020311
20240217,202410020310
20240217,202410020309
20240217,202410020301
20240217,202410020302
20240217,202410020303
20240217,202410020304
20240217,202405010709
20240217,202405010710
20240217,202405010711
20240217,202405010712
20240217,202408020709
20240217,202408020710
20240217,202408020711
20240217,202408020712
20240217,202408020705
20240217,202408020706
20240217,202408020707
20240217,202408020708
20240218,202405010809
20240218,202405010810
20240218,202405010811
20240218,202405010812
20240218,202405010804
20240218,202405010803
20240218,202405010802
20240218,202405010801
20240218,202408020801
20240218,202408020802
20240218,202408020803
20240218,202408020804
20240218,202408020809
20240218,202408020810
20240218,202408020811
20240218,202408020812
20240218,202408020805
20240218,202408020806
20240218,202408020807
20240218,202408020808
20240218,202410020404
20240218,202410020403
20240218,202410020402
20240218,202410020401
20240218,202410020412
20240218,202410020411
20240218,202410020410
20240218,202410020409
20240218,202410020408
20240218,202410020407
20240218,202410020406
20240218,202410020405
20240218,202405010808
20240218,202405010807
20240218,202405010806
20240218,202405010805
20240224,202410020509
20240224,202410020510
20240224,202410020511
20240224,202410020512
20240224,202409010108
20240224,202409010107
20240224,202409010106
20240224,202409010105
20240224,202409010101
20240224,202409010102
20240224,202409010103
20240224,202409010104
20240224,202410020505
20240224,202410020506
20240224,202410020507
20240224,202410020508
20240224,202406020101
20240224,202406020102
20240224,202406020103
20240224,202406020104
20240224,202410020501
20240224,202410020502
20240224,202410020503
20240224,202410020504
20240224,202406020108
20240224,202406020107
20240224,202406020106
20240224,202406020105
20240224,202406020112
20240224,202406020111
20240224,202406020110
20240224,202406020109
20240224,202409010112
20240224,202409010111
20240224,202409010110
20240224,202409010109
20240225,202409010209
20240225,202409010210
20240225,202409010211
20240225,202409010212
20240225,202410020608
20240225,202410020607
20240225,202410020606
20240225,202410020605
20240225,202410020612
20240225,202410020611
20240225,202410020610
20240225,202410020609
20240225,202406020208
20240225,202406020207
20240225,202406020206
20240225,202406020205
20240225,202406020201
20240225,202406020202
20240225,202406020203
20240225,202406020204
20240225,202406020209
20240225,202406020210
20240225,202406020211
20240225,202406020212
20240225,202409010201
20240225,202409010202
20240225,202409010203
20240225,202409010204
20240225,202409010208
20240225,202409010207
20240225,202409010206
20240225,202409010205
20240225,202410020604
20240225,202410020603
20240225,202410020602
20240225,202410020601
20240302,202406020308
20240302,202406020302
20240302,202406020306
20240302,202406020307
20240302,202410020712
20240302,202409010301
20240302,202409010309
20240302,202409010311
20240302,202406020305
20240302,202409010303
20240302,202410020705
20240302,202409010306
20240302,202410020702
20240302,202406020303
20240302,202409010302
20240302,202410020711
20240302,202410020707
20240302,202406020304
20240302,202409010310
20240302,202409010307
20240302,202406020301
20240302,202406020312
20240302,202410020701
20240302,202406020309
20240302,202409010304
20240302,202409010305
20240302,202410020704
20240302,202410020709
20240302,202410020710
20240302,202406020311
20240302,202410020703
20240302,202410020706
20240302,202409010308
20240302,202406020310
20240302,202410020708
20240302,202409010312
20240303,202406020412
20240303,202406020405
20240303,202409010410
20240303,202409010405
20240303,202409010409
20240303,202409010411
20240303,202410020807
20240303,202406020410
20240303,202410020805
20240303,202410020809
20240303,202410020804
20240303,202409010401
20240303,202406020407
20240303,202409010404
20240303,202406020411
20240303,202410020812
20240303,202406020401
20240303,202406020404
20240303,202410020803
20240303,202409010402
20240303,202406020406
20240303,202409010406
20240303,202410020801
20240303,202410020802
20240303,202409010407
20240303,202410020806
20240303,202406020402
20240303,202410020810
20240303,202410020808
20240303,202406020409
20240303,202409010403
20240303,202406020408
20240303,202409010412
20240303,202410020811
20240303,202409010408
20240303,202406020403
20240309,202406020508
20240309,202409010505
20240309,202407010104
20240309,202406020506
20240309,202407010110
20240309,202409010502
20240309,202407010112
20240309,202409010511
20240309,202409010510
20240309,202406020501
20240309,202406020502
20240309,202406020505
20240309,202409010506
20240309,202409010508
20240309,202409010504
20240309,202409010512
20240309,202407010107
20240309,202409010503
20240309,202406020510
20240309,202407010108
20240309,202407010101
20240309,202407010109
20240309,202406020509
20240309,202406020503
20240309,202406020504
20240309,202406020512
20240309,202407010106
20240309,202406020511
20240309,202407010105
20240309,202409010507
20240309,202409010509
20240309,202409010501
20240309,202407010103
20240309,202406020507
20240309,202407010102
20240309,202407010111
20240310,202406020611
20240310,202407010202
20240310,202407010211
20240310,202409010603
20240310,202406020610
20240310,202409010602
20240310,202406020608
20240310,202409010605
20240310,202409010608
20240310,202406020603
20240310,202406020606
20240310,202407010210
20240310,202406020609
20240310,202407010205
20240310,202406020602
20240310,202407010203
20240310,202409010609
20240310,202407010209
20240310,202406020601
20240310,202407010212
20240310,202409010607
20240310,202409010606
20240310,202406020605
20240310,202406020612
20240310,202407010206
20240310,202406020607
20240310,202409010612
20240310,202407010201
20240310,202407010208
20240310,202407010204
20240310,202406020604
20240310,202409010601
20240310,202409010610
20240310,202407010207
20240310,202409010604
20240310,202409010611
20240316,202407010302
20240316,202407010309
20240316,202407010306
20240316,202406020705
20240316,202409010702
20240316,202407010310
20240316,202407010301
20240316,202406020704
20240316,202406020703
20240316,202407010304
20240316,202406020706
20240316,202406020702
20240316,202409010712
20240316,202409010709
20240316,202409010708
20240316,202409010701
20240316,202406020707
20240316,202407010312
20240316,202409010707
20240316,202406020710
20240316,202407010305
20240316,202407010308
20240316,202409010711
20240316,202409010706
20240316,202407010311
20240316,202407010303
20240316,202406020708
20240316,202409010704
20240316,202409010705
20240316,202406020711
20240316,202409010710
20240316,202406020701
20240316,202406020709
20240316,202406020712
20240316,202407010307
20240316,202409010703
20240317,202406020806
20240317,202409010801
20240317,202407010410
20240317,202409010806
20240317,202409010809
20240317,202407010408
20240317,202406020808
20240317,202409010807
20240317,202409010803
20240317,202409010808
20240317,202409010811
20240317,202407010412
20240317,202407010406
20240317,202406020804
20240317,202406020811
20240317,202407010404
20240317,202409010810
20240317,202407010407
20240317,202407010402
20240317,202407010405
20240317,202406020801
20240317,202407010409
20240317,202407010401
20240317,202409010804
20240317,202406020802
20240317,202406020812
20240317,202409010812
20240317,202409010805
20240317,202406020810
20240317,202407010403
20240317,202406020807
20240317,202407010411
20240317,202409010802
20240317,202406020803
20240317,202406020805
20240317,202406020809
20240323,202409020105
20240323,202406030110
20240323,202407010507
20240323,202406030105
20240323,202406030107
20240323,202409020101
20240323,202409020103
20240323,202409020104
20240323,202409020102
20240323,202407010502
20240323,202409020107
20240323,202406030103
20240323,202407010503
20240323,202406030108
20240323,202407010511
20240323,202407010506
20240323,202407010501
20240323,202407010510
20240323,202409020106
20240323,202406030112
20240323,202406030109
20240323,202409020110
20240323,202407010509
20240323,202406030102
20240323,202407010508
20240323,202409020108
20240323,202406030101
20240323,202406030111
20240323,202409020109
20240323,202406030104
20240323,202406030106
20240323,202409020112
20240323,202407010505
20240323,202407010504
20240323,202409020111
20240323,202407010512
20240324,202406030201
20240324,202406030211
20240324,202406030205
20240324,202406030212
20240324,202407010603
20240324,202407010609
20240324,202406030203
20240324,202407010601
20240324,202406030204
20240324,202407010610
20240324,202407010607
20240324,202406030208
20240324,202409020211
20240324,202409020203
20240324,202409020204
20240324,202406030206
20240324,202407010602
20240324,202407010606
20240324,202409020201
20240324,202406030202
20240324,202409020202
20240324,202407010611
20240324,202409020208
20240324,202407010608
20240324,202407010605
20240324,202406030209
20240324,202407010612
20240324,202409020205
20240324,202406030210
20240324,202407010604
20240324,202409020209
20240324,202409020206
20240324,202409020210
20240324,202409020212
20240324,202409020207
20240324,202406030207
20240330,202406030309
20240330,202409020305
20240330,202406030311
20240330,202409020312
20240330,202409020303
20240330,202406030308
20240330,202406030302
20240330,202406030307
20240330,202409020307
20240330,202409020306
20240330,202409020302
20240330,202409020311
20240330,202409020309
20240330,202406030301
20240330,202409020310
20240330,202406030306
20240330,202409020308
20240330,202409020301
20240330,202406030305
20240330,202406030303
20240330,202406030304
20240330,202409020304
20240330,202406030310
20240330,202406030312
20240331,202406030408
20240331,202406030410
20240331,202409020410
20240331,202406030401
20240331,202409020411
20240331,202406030402
20240331,202409020402
20240331,202409020403
20240331,202409020412
20240331,202406030411
20240331,202409020408
20240331,202406030406
20240331,202409020407
20240331,202406030407
20240331,202406030404
20240331,202409020406
20240331,202406030403
20240331,202406030405
20240331,202409020404
20240331,202406030409
20240331,202409020409
20240331,202409020405
20240331,202409020401
20240331,202406030412
20240406,202403010103
20240406,202406030511
20240406,202409020507
20240406,202409020511
20240406,202403010112
20240406,202403010108
20240406,202406030509
20240406,202409020512
20240406,202409020508
20240406,202406030501
20240406,202403010104
20240406,202403010105
20240406,202406030503
20240406,202409020504
20240406,202409020509
20240406,202403010107
20240406,202403010111
20240406,202409020501
20240406,202406030502
20240406,202409020502
20240406,202406030510
20240406,202403010101
20240406,202403010109
20240406,202406030506
20240406,202406030507
20240406,202406030505
20240406,202409020506
20240406,202403010102
20240406,202409020510
20240406,202403010110
20240406,202409020505
20240406,202409020503
20240406,202403010106
20240406,202406030508
20240406,202406030504
20240406,202406030512
20240407,202406030608
20240407,202403010206
20240407,202403010207
20240407,202409020611
20240407,202409020602
20240407,202403010208
20240407,202409020605
20240407,202409020612
20240407,202406030609
20240407,202409020606
20240407,202409020607
20240407,202409020601
20240407,202406030606
20240407,202409020603
20240407,202403010202
20240407,202409020608
20240407,202406030604
20240407,202409020609
20240407,202406030607
20240407,202409020610
20240407,202406030602
20240407,202403010204
20240407,202406030601
20240407,202406030605
20240407,202409020604
20240407,202403010201
20240407,202406030603
20240407,202406030612
20240407,202403010211
20240407,202403010203
20240407,202403010209
20240407,202406030611
20240407,202406030610
20240407,202403010212
20240407,202403010210
20240407,202403010205
20240413,202409020710
20240413,202403010310
20240413,202406030703
20240413,202406030710
20240413,202409020708
20240413,202406030704
20240413,202403010301
20240413,202409020701
20240413,202403010306
20240413,202406030702
20240413,202409020706
20240413,202403010305
20240413,202403010304
20240413,202406030705
20240413,202403010312
20240413,202406030706
20240413,202403010311
20240413,202403010303
20240413,202403010302
20240413,202403010309
20240413,202409020702
20240413,202406030709
20240413,202406030712
20240413,202409020704
20240413,202406030711
20240413,202403010308
20240413,202409020712
20240413,202403010307
20240413,202406030708
20240413,202406030701
20240413,202409020709
20240413,202409020705
20240413,202409020703
20240413,202409020711
20240413,202409020707
20240413,202406030707
20240414,202406030807
20240414,202406030808
20240414,202409020804
20240414,202403010407
20240414,202406030802
20240414,202406030804
20240414,202403010408
20240414,202409020812
20240414,202409020810
20240414,202406030810
20240414,202406030811
20240414,202403010402
20240414,202409020807
20240414,202409020809
20240414,202409020805
20240414,202403010405
20240414,202403010412
20240414,202409020802
20240414,202406030805
20240414,202406030801
20240414,202403010401
20240414,202409020803
20240414,202403010411
20240414,202406030803
20240414,202409020806
20240414,202403010410
20240414,202409020801
20240414,202403010406
20240414,202403010404
20240414,202403010403
20240414,202406030806
20240414,202406030812
20240414,202409020811
20240414,202409020808
20240414,202406030809
20240414,202403010409
20240420,202408030111
20240420,202405020112
20240420,202403010512
20240420,202408030109
20240420,202408030101
20240420,202403010507
20240420,202405020105
20240420,202405020104
20240420,202408030112
20240420,202408030106
20240420,202408030107
20240420,202408030102
20240420,202405020106
20240420,202408030110
20240420,202403010502
20240420,202403010506
20240420,202403010501
20240420,202403010511
20240420,202405020108
20240420,202405020110
20240420,202403010505
20240420,202405020111
20240420,202403010510
20240420,202403010508
20240420,202405020101
20240420,202403010504
20240420,202408030104
20240420,202408030108
20240420,202405020102
20240420,202405020109
20240420,202403010509
20240420,202405020107
20240420,202408030105
20240420,202405020103
20240420,202408030103
20240420,202403010503
20240421,202405020203
20240421,202408030202
20240421,202403010606
20240421,202405020212
20240421,202403010604
20240421,202403010605
20240421,202405020208
20240421,202403010610
20240421,202408030205
20240421,202408030208
20240421,202403010608
20240421,202405020202
20240421,202408030212
20240421,202408030211
20240421,202403010612
20240421,202405020210
20240421,202403010603
20240421,202408030209
20240421,202405020206
20240421,202408030201
20240421,202405020204
20240421,202405020209
20240421,202408030204
20240421,202408030207
20240421,202403010611
20240421,202403010601
20240421,202405020211
20240421,202403010607
20240421,202408030210
20240421,202408030203
20240421,202405020205
20240421,202405020207
20240421,202403010609
20240421,202403010602
20240421,202405020201
20240421,202408030206
20240427,202408030305
20240427,202404010101
20240427,202408030301
20240427,202405020304
20240427,202405020312
20240427,202404010103
20240427,202408030312
20240427,202405020310
20240427,202405020308
20240427,202404010105
20240427,202404010102
20240427,202404010111
20240427,202405020307
20240427,202404010108
20240427,202408030310
20240427,202404010104
20240427,202405020303
20240427,202405020305
20240427,202408030311
20240427,202408030303
20240427,202405020311
20240427,202408030308
20240427,202405020306
20240427,202404010110
20240427,202405020301
20240427,202408030307
20240427,202408030302
20240427,202404010107
20240427,202408030309
20240427,202405020309
20240427,202408030304
20240427,202404010112
20240427,202408030306
20240427,202404010109
20240427,202404010106
20240427,202405020302
20240428,202404010203
20240428,202405020401
20240428,202408030406
20240428,202404010206
20240428,202404010207
20240428,202405020412
20240428,202405020402
20240428,202404010208
20240428,202405020407
20240428,202404010204
20240428,202404010210
20240428,202405020409
20240428,202404010201
20240428,202408030409
20240428,202408030402
20240428,202404010205
20240428,202404010209
20240428,202405020405
20240428,202405020408
20240428,202408030412
20240428,202404010202
20240428,202408030408
20240428,202404010211
20240428,202404010212
20240428,202408030407
20240428,202408030405
20240428,202408030403
20240428,202405020406
20240428,202405020403
20240428,202408030404
20240428,202405020410
20240428,202405020404
20240428,202408030401
20240428,202405020411
20240428,202408030410
20240428,202408030411